Workbook

Sheet REGISTRO DE ACTIVOS NUEVOS
A1: CU-PAT — Gestión Patrimonial
A2: EMPRESA SUCHEL TROPICAL · DIRECCIÓN LOGÍSTICA · 27 activos · registro completo
A4: No. | B4: DIRECCION | C4: CODIGO | D4: NOMBRE AFT | E4: CATEGORIA | F4: ESTADO | G4: AREA | H4: MARCA | I4: MODELO | J4: SERIE | K4: FECHA COMPRA | L4: VALOR.CLP. | M4: RESPONSABLE
A5: 1 | B5: DIRECCION LOGISTICA | C5: DL-01 | D5: 1 LAPTOP | E5: INFORMATICA | F5: SERVICIO | G5: OFICINA DIRECTOR LOGISTICA | H5: Lenovo | I5: ThinkPad E14 Gen 5 | J5: SN-DL01-2186 | K5: 44425 | L5: 749900 | M5: DIRECTOR LOGISTICA
A6: 2 | B6: DIRECCION LOGISTICA | C6: DL-02 | D6: 1 BURO | E6: MOBILIARIO | F6: SERVICIO | G6: OFICINA DIRECTOR LOGISTICA | H6: Rosen | I6: Buro Ejecutivo BR-120 | J6: SN-DL02-2323 | K6: 44430 | L6: 159900 | M6: DIRECTOR LOGISTICA
A7: 3 | B7: DIRECCION LOGISTICA | C7: DL-03 | D7: 1 SILLA GIRATORIA | E7: MOBILIARIO | F7: SERVICIO | G7: OFICINA DIRECTOR LOGISTICA | H7: Ergosillas | I7: Pro Ergo 120 | J7: SN-DL03-2460 | K7: 44435 | L7: 109900 | M7: DIRECTOR LOGISTICA
A8: 4 | B8: DIRECCION LOGISTICA | C8: DL-04 | D8: 1 CREDENZA METALICA | E8: MOBILIARIO | F8: SERVICIO | G8: OFICINA DIRECTOR LOGISTICA | H8: Dimeiggs | I8: Credenza Metalica CRD-2P | J8: SN-DL04-2597 | K8: 44425 | L8: 189900 | M8: DIRECTOR LOGISTICA
A9: 5 | B9: DIRECCION LOGISTICA | C9: DL-05 | D9: 1 IMPRESORA | E9: INFORMATICA | F9: SERVICIO | G9: OFICINA DIRECTOR LOGISTICA | H9: Epson | I9: EcoTank L3250 | J9: SN-DL05-2734 | K9: 44430 | L9: 179900 | M9: DIRECTOR LOGISTICA
A10: 6 | B10: DIRECCION LOGISTICA | C10: DL-06 | D10: 1 SOFA 3 PLAZAS | E10: MOBILIARIO | F10: SERVICIO | G10: OFICINA DIRECTOR LOGISTICA | H10: Rosen | I10: Milano 3 Cuerpos | J10: SN-DL06-2871 | K10: 44435 | L10: 429900 | M10: DIRECTOR LOGISTICA
A11: 7 | B11: DIRECCION LOGISTICA | C11: DL-07 | D11: 1 EQUIPO CLIMA 12000 BTU | E11: EQUIPOS DE CLIMATIZACION Y REFRIGERACION | F11: SERVICIO | G11: OFICINA DIRECTOR LOGISTICA | H11: Midea | I11: Xtreme Save 12.000 BTU | J11: SN-DL07-3008 | K11: 44425 | L11: 389900 | M11: DIRECTOR LOGISTICA
A12: 8 | B12: DIRECCION LOGISTICA | C12: DL-08 | D12: BUTACA CON BRAZOS | E12: MOBILIARIO | F12: SERVICIO | G12: OFICINA DIRECTOR LOGISTICA | H12: Mica | I12: Oslo con Brazos | J12: SN-DL08-3145 | K12: 44430 | L12: 94990 | M12: DIRECTOR LOGISTICA
A13: 9 | B13: DIRECCION LOGISTICA | C13: DL-09 | D13: BUTACA CON BRAZOS | E13: MOBILIARIO | F13: SERVICIO | G13: OFICINA DIRECTOR LOGISTICA | H13: Mica | I13: Oslo con Brazos | J13: SN-DL09-3282 | K13: 44435 | L13: 94990 | M13: DIRECTOR LOGISTICA
A14: 10 | B14: DIRECCION LOGISTICA | C14: DL-10 | D14: 1 PC ESCRITORIO | E14: INFORMATICA | F14: SERVICIO | G14: DEPARTAMENTO TRANSPORTE | H14: HP | I14: ProDesk 400 G9 SFF | J14: SN-DL10-3419 | K14: 44657 | L14: 549900 | M14: DIRECTOR TRANSPORTE
A15: 11 | B15: DIRECCION LOGISTICA | C15: DL-11 | D15: 1 BURO | E15: MOBILIARIO | F15: SERVICIO | G15: DEPARTAMENTO TRANSPORTE | H15: Rosen | I15: Buro Ejecutivo BR-120 | J15: SN-DL11-3556 | K15: 44662 | L15: 159900 | M15: DIRECTOR TRANSPORTE
A16: 12 | B16: DIRECCION LOGISTICA | C16: DL-12 | D16: 1 SILLA GIRATORIA | E16: MOBILIARIO | F16: SERVICIO | G16: DEPARTAMENTO TRANSPORTE | H16: Ergosillas | I16: Pro Ergo 120 | J16: SN-DL12-3693 | K16: 44667 | L16: 109900 | M16: DIRECTOR TRANSPORTE
... A31: 27 | B31: DIRECCION LOGISTICA | C31: DL-27 | D31: 1 VENTILADOR | E31: EQUIPOS DE CLIMATIZACION Y REFRIGERACION | F31: SERVICIO | G31: ALMACEN PERFUMERIA | H31: Recco | I31: RVP-45PM Pedestal | J31: SN-DL27-5748 | K31: 44883 | L31: 39990 | M31: JEFE ALMACEN PERFUMERIA
A32: TOTAL | D32: =COUNTA(C5:C31)&" activos registrados" | L32: =SUM(L5:L31)

Sheet Listas
A1: CATEGORIA | B1: ESTADO | C1: DIRECCION | D1: AREA
A2: MOBILIARIO | B2: SERVICIO | C2: DIRECCION GENERAL | D2: OFICINA DIRECTOR LOGISTICA
A3: INFORMATICA | B3: MTTO | C3: DIRECCION TECNICO-PRODUCTIVA | D3: DEPARTAMENTO TRANSPORTE
A4: EQUIPOS DE CLIMATIZACION Y REFRIGERACION | B4: BAJA | C4: DIRECCION COMERCIAL | D4: ALMACEN JABONERIA
A5: ELECTRODOMESTICOS | C5: DIRECCION ECONOMIA | D5: ALMACEN PERFUMERIA
A6: TECNOLOGIA | C6: DIRECCION LOGISTICA
A7: TRANSPORTE

Sheet Resumen
A1: Resumen del registro
A3: Por área
A4: Área | B4: Activos | C4: Valor total | D4: % del valor
A5: OFICINA DIRECTOR LOGISTICA | B5: =COUNTIF('REGISTRO DE ACTIVOS NUEVOS'!$G$5:$G$31,$A5) | C5: =SUMIF('REGISTRO DE ACTIVOS NUEVOS'!$G$5:$G$31,$A5,'REGISTRO DE ACTIVOS NUEVOS'!$L$5:$L$31) | D5: =IFERROR(C5/SUM('REGISTRO DE ACTIVOS NUEVOS'!$L$5:$L$31),0)
A6: DEPARTAMENTO TRANSPORTE | B6: =COUNTIF('REGISTRO DE ACTIVOS NUEVOS'!$G$5:$G$31,$A6) | C6: =SUMIF('REGISTRO DE ACTIVOS NUEVOS'!$G$5:$G$31,$A6,'REGISTRO DE ACTIVOS NUEVOS'!$L$5:$L$31) | D6: =IFERROR(C6/SUM('REGISTRO DE ACTIVOS NUEVOS'!$L$5:$L$31),0)
A7: ALMACEN JABONERIA | B7: =COUNTIF('REGISTRO DE ACTIVOS NUEVOS'!$G$5:$G$31,$A7) | C7: =SUMIF('REGISTRO DE ACTIVOS NUEVOS'!$G$5:$G$31,$A7,'REGISTRO DE ACTIVOS NUEVOS'!$L$5:$L$31) | D7: =IFERROR(C7/SUM('REGISTRO DE ACTIVOS NUEVOS'!$L$5:$L$31),0)
A8: ALMACEN PERFUMERIA | B8: =COUNTIF('REGISTRO DE ACTIVOS NUEVOS'!$G$5:$G$31,$A8) | C8: =SUMIF('REGISTRO DE ACTIVOS NUEVOS'!$G$5:$G$31,$A8,'REGISTRO DE ACTIVOS NUEVOS'!$L$5:$L$31) | D8: =IFERROR(C8/SUM('REGISTRO DE ACTIVOS NUEVOS'!$L$5:$L$31),0)
A9: Total | B9: =SUM(B5:B8) | C9: =SUM(C5:C8) | D9: =SUM(D5:D8)
A11: Por categoría
A12: Categoría | B12: Activos | C12: Valor total | D12: % del valor
A13: INFORMATICA | B13: =COUNTIF('REGISTRO DE ACTIVOS NUEVOS'!$E$5:$E$31,$A13) | C13: =SUMIF('REGISTRO DE ACTIVOS NUEVOS'!$E$5:$E$31,$A13,'REGISTRO DE ACTIVOS NUEVOS'!$L$5:$L$31) | D13: =IFERROR(C13/SUM('REGISTRO DE ACTIVOS NUEVOS'!$L$5:$L$31),0)
A14: MOBILIARIO | B14: =COUNTIF('REGISTRO DE ACTIVOS NUEVOS'!$E$5:$E$31,$A14) | C14: =SUMIF('REGISTRO DE ACTIVOS NUEVOS'!$E$5:$E$31,$A14,'REGISTRO DE ACTIVOS NUEVOS'!$L$5:$L$31) | D14: =IFERROR(C14/SUM('REGISTRO DE ACTIVOS NUEVOS'!$L$5:$L$31),0)
A15: EQUIPOS DE CLIMATIZACION Y REFRIGERACION | B15: =COUNTIF('REGISTRO DE ACTIVOS NUEVOS'!$E$5:$E$31,$A15) | C15: =SUMIF('REGISTRO DE ACTIVOS NUEVOS'!$E$5:$E$31,$A15,'REGISTRO DE ACTIVOS NUEVOS'!$L$5:$L$31) | D15: =IFERROR(C15/SUM('REGISTRO DE ACTIVOS NUEVOS'!$L$5:$L$31),0)
A16: Total | B16: =SUM(B13:B15) | C16: =SUM(C13:C15) | D16: =SUM(D13:D15)
A18: Por estado
A19: Estado | B19: Activos | C19: Valor total | D19: % del valor
A20: SERVICIO | B20: =COUNTIF('REGISTRO DE ACTIVOS NUEVOS'!$F$5:$F$31,$A20) | C20: =SUMIF('REGISTRO DE ACTIVOS NUEVOS'!$F$5:$F$31,$A20,'REGISTRO DE ACTIVOS NUEVOS'!$L$5:$L$31) | D20: =IFERROR(C20/SUM('REGISTRO DE ACTIVOS NUEVOS'!$L$5:$L$31),0)
A21: MTTO | B21: =COUNTIF('REGISTRO DE ACTIVOS NUEVOS'!$F$5:$F$31,$A21) | C21: =SUMIF('REGISTRO DE ACTIVOS NUEVOS'!$F$5:$F$31,$A21,'REGISTRO DE ACTIVOS NUEVOS'!$L$5:$L$31) | D21: =IFERROR(C21/SUM('REGISTRO DE ACTIVOS NUEVOS'!$L$5:$L$31),0)
A22: BAJA | B22: =COUNTIF('REGISTRO DE ACTIVOS NUEVOS'!$F$5:$F$31,$A22) | C22: =SUMIF('REGISTRO DE ACTIVOS NUEVOS'!$F$5:$F$31,$A22,'REGISTRO DE ACTIVOS NUEVOS'!$L$5:$L$31) | D22: =IFERROR(C22/SUM('REGISTRO DE ACTIVOS NUEVOS'!$L$5:$L$31),0)
A23: Total | B23: =SUM(B20:B22) | C23: =SUM(C20:C22) | D23: =SUM(D20:D22)

Sheet Notas
A1: Notas, supuestos y trazabilidad
A3: Origen del dato
A4: Fuente | B4: Hoja «REGISTRO DE ACTIVOS NUEVOS» de «EJEMPLOS DE EMPRESAS Y AFT (1).xls» (EMPRESA SUCHEL TROPICAL): bloque DIRECCION LOGISTICA, códigos DL-01 a DL-27. Es el último bloque del archivo: con éste quedan cubiertos los 252 activos.
A5: CATEGORIA y ESTADO — deducidas, no venían en el origen
A6: Advertencia | B6: Este es el único bloque del archivo donde CATEGORIA y ESTADO están vacías en las 27 filas (verificado sobre el .xls: 0 de 27 en ambas columnas). Los valores que ves fueron DEDUCIDOS y están marcados en ámbar en la hoja de registro. Hay que confirmarlos antes de aprobar el lote.
A7: Cómo se dedujo CATEGORIA | B7: Por el tipo de bien, usando cómo está catalogado ese mismo bien en las otras cuatro direcciones del propio archivo: LAPTOP, IMPRESORA y PC ESCRITORIO → INFORMATICA; BURO, SILLA GIRATORIA, CREDENZA METALICA, SOFA y BUTACA → MOBILIARIO; EQUIPO CLIMA 12000 BTU y VENTILADOR → EQUIPOS DE CLIMATIZACION Y REFRIGERACION. Ninguna es una categoría nueva.
A8: Cómo se dedujo ESTADO | B8: SERVICIO en las 27. Es el valor por defecto en todo el archivo (222 de las 252 filas lo traen explícito) y no hay ninguna señal en el origen de que algún activo de LOGISTICA esté en MTTO o de BAJA. Es la deducción más débil de este registro: si el levantamiento en terreno dice otra cosa, corregir acá.
A9: Alternativa | B9: Si preferís no asumir la categoría, el ETL de SICSAFT tiene el camino previsto: con «categoria_por_defecto» las filas sin categoría entran como SIN CATEGORIA y el Profesional de AFT las reclasifica en la revisión, en vez de rechazar el lote entero.
A10: Rellenado a partir del propio Excel (dato real, sólo desagregado)
A11: DIRECCION | B11: OJO — en la hoja de registro NO existe la celda «DIRECCION LOGISTICA»: la columna está vacía en las 27 filas y el bloque no abre con su dirección, a diferencia de las otras cuatro. Se completó como DIRECCION LOGISTICA porque así figura en la hoja «EMPRESA SUCHEL TROPICAL» del mismo archivo (fila 73), con OFICINA DIRECTOR LOGISTICA y DIRECTOR LOGISTICA colgando de ella. Consecuencia práctica: si se carga el .xls original tal cual, el relleno hacia abajo del ETL arrastra DIRECCION ECONOMIA a estos 27 activos y quedan asignados a la dirección equivocada.
A12: AREA | B12: Venía sólo en la fila que abre cada bloque. Replicada hacia abajo: DL-01..09 OFICINA DIRECTOR LOGISTICA / DL-10..15 DEPARTAMENTO TRANSPORTE / DL-16..21 ALMACEN JABONERIA / DL-22..27 ALMACEN PERFUMERIA.
A13: RESPONSABLE | B13: Mismo criterio que AREA: DIRECTOR LOGISTICA / DIRECTOR TRANSPORTE / JEFE ALMACEN JABONERIA / JEFE ALMACEN PERFUMERIA. Ojo con DL-10..15: el origen dice «DIRECTOR TRANSPORTE» y no «JEFE DPTO. TRANSPORTE», que es el patrón del resto de los departamentos. Se respetó tal cual.
A14: Espacio inicial | B14: En el .xls las áreas figuran como « ALMACEN JABONERIA» y « ALMACEN PERFUMERIA», con un espacio al inicio. Se escribieron sin ese espacio: el ETL lo elimina igual al normalizar, y dejarlo sólo invita a que una carga manual cree un área duplicada invisible.
A15: Nomenclatura — revisar antes de aprobar el lote
A16: DL-06 | B16: «1 SOFA 3 PLAZAS» es una tercera forma de nombrar el mismo mueble: DG-006, DTP-06, DC-02 y DE-02 lo llaman «1 SOFA 3 PERONAS» (con la errata) y acá es «3 PLAZAS». Como CORE resuelve el catálogo por nombre exacto, conviene unificar los tres.
A17: Variantes | B17: Igual que en DIRECCION ECONOMIA, conviven «1 BURO»/«BURO», «1 IMPRESORA»/«IMPRESORA» y «1 CREDENZA METALICA»/«CREDENZAS METALICAS» a lo largo del archivo. Cada variante crea una entrada de catálogo distinta para el mismo bien.
A18: Columnas SIN dato en el origen — valores de EJEMPLO (encabezado en azul)
A19: Advertencia | B19: MARCA, MODELO, SERIE, FECHA COMPRA y VALOR.CLP. están vacías en las 252 filas del Excel de origen. Los valores de estas 5 columnas fueron GENERADOS para entregar el registro completo: son plausibles, no reales. Reemplazar con el acta de recepción / factura antes de aprobar el lote en el CCP.
A20: MARCA / MODELO | B20: Marcas y modelos de mercado chileno coherentes con cada tipo de bien (Rosen, Mica, Ergosillas, Dimeiggs, HP, Epson, Lenovo, Midea, Recco), con los mismos criterios que en DG, DTP, DC y DE.
A21: SERIE | B21: Patrón determinista SN-<código sin guión>-<4 dígitos>. No corresponde al número de serie físico del equipo.
A22: FECHA COMPRA | B22: Una fecha por bloque/área: OFICINA DIRECTOR LOGISTICA 08-2021 / TRANSPORTE 04-2022 / ALMACEN JABONERIA 06-2022 / ALMACEN PERFUMERIA 11-2022.
A23: VALOR.CLP. | B23: Valor de reposición referencial en pesos chilenos por tipo de bien. No es valor contable ni valor libro: no incorpora depreciación.
A24: Compatibilidad con el ETL contable de SICSAFT
A25: Hoja y encabezados | B25: El nombre de hoja «REGISTRO DE ACTIVOS NUEVOS» y los 13 encabezados coinciden con herramientas/etl-contable/mapeo/mapeo-ejemplo.json, así que el archivo se procesa tal cual con etl_contable.py.
A26: Fila TOTAL | B26: La fila de totales va sin CODIGO a propósito: el ETL descarta las filas sin codigoPatrimonial, así que no entra al lote como si fuera un activo.
A27: Validación | B27: CATEGORIA, ESTADO, DIRECCION y AREA tienen lista desplegable contra los catálogos de la hoja oculta «Listas», para que una carga manual no invente valores nuevos.
